DROP TABLE MEMBER CASCADE CONSTRAINTS;
CREATE TABLE MEMBER
(   NO              NUMBER              PRIMARY KEY NOT NULL         
    ,NAME            VARCHAR2(50)       NOT NULL
    ,EMAIL           VARCHAR2(100)      NOT NULL UNIQUE
    ,NICK            VARCHAR2(50)       NOT NULL UNIQUE
    ,PWD             VARCHAR2(100)      NOT NULL
    ,PHONE           VARCHAR2(15)       NOT NULL
    ,TYPE            CHAR(1)            DEFAULT 'P' CHECK(TYPE IN('P','I','B')) 
    ,REGISTRATION    NUMBER             NULL
    ,ENROLL_DATE      TIMESTAMP          DEFAULT SYSDATE  
    ,STATUS          CHAR(1)            DEFAULT 'A' CHECK(STATUS IN('A','S','Q'))
    ,QUIT_DATE       TIMESTAMP          NULL
    ,M_LEVEL         VARCHAR2(50)       DEFAULT '일반회원' CHECK(M_LEVEL IN('일반회원','골드','실버','브론즈'))
    ,SUSPEND_DATE    TIMESTAMP          NULL
    ,CODE            VARCHAR2(50)       NULL
);

DROP SEQUENCE SEQ_MEMBER_NO;
CREATE SEQUENCE SEQ_MEMBER_NO NOCACHE NOCYCLE;


INSERT INTO MEMBER 
(NO
,NAME
,EMAIL
,NICK
,PWD
,PHONE
,CODE
)
VALUES
(SEQ_MEMBER_NO.NEXTVAL
,'이회원'
,'abc@abc.com'
,'회원투'
,'1234'
,'01011111111'
,''
);

INSERT INTO MEMBER 
(NO
,NAME
,EMAIL
,NICK
,PWD
,PHONE
)
VALUES
(SEQ_MEMBER_NO.NEXTVAL
,'회원'
,'abcd@abc.com'
,'회원님'
,'1234'
,'01011111111'
);

INSERT INTO MEMBER 
(
NO
,NAME
,EMAIL
,NICK
,PWD
,PHONE
,TYPE
,REGISTRATION
,M_LEVEL
)
VALUES
(SEQ_MEMBER_NO.NEXTVAL
,'메이커1'
,'maker@abc.com'
,'메이커님'
,'1234'
,'01011111111'
,'B'
,'123123123'
,'골드'
);

--실제 프로젝트 신청할 회원 리스트 추가합니다
INSERT INTO MEMBER (NO,NAME,EMAIL,NICK,PWD,PHONE,TYPE,REGISTRATION,M_LEVEL)
VALUES(SEQ_MEMBER_NO.NEXTVAL,'권미르','rafl@gamil.com','라플라플','1234','01011111111','B','4471835749','실버');

INSERT INTO MEMBER (NO,NAME,EMAIL,NICK,PWD,PHONE,TYPE,REGISTRATION,M_LEVEL)
VALUES(SEQ_MEMBER_NO.NEXTVAL,'오버들','lets@gamil.com','매거진 랫츠','1234','01022222222','I','4698371586','골드');

INSERT INTO MEMBER (NO,NAME,EMAIL,NICK,PWD,PHONE,TYPE,REGISTRATION,M_LEVEL)
VALUES(SEQ_MEMBER_NO.NEXTVAL,'윤웅','paper@naver.com','PAPER POP','1234','01033333333','B','1764932523','골드');

INSERT INTO MEMBER (NO,NAME,EMAIL,NICK,PWD,PHONE,TYPE,REGISTRATION,M_LEVEL)
VALUES(SEQ_MEMBER_NO.NEXTVAL,'설성한','yousunny@naver.com','yousunny','1234','01074185296','I','3441976255','브론즈');

INSERT INTO MEMBER (NO,NAME,EMAIL,NICK,PWD,PHONE,TYPE,REGISTRATION,M_LEVEL)
VALUES(SEQ_MEMBER_NO.NEXTVAL,'봉재범','wepot@gamil.com','위팟','1234','01036985214','B','2279886419','브론즈');

INSERT INTO MEMBER (NO,NAME,EMAIL,NICK,PWD,PHONE,TYPE,REGISTRATION,M_LEVEL)
VALUES(SEQ_MEMBER_NO.NEXTVAL,'노여진','uni@gamil.com','유니밴드','1234','01014785236','I','3006794250','실버');

INSERT INTO MEMBER (NO,NAME,EMAIL,NICK,PWD,PHONE,TYPE,REGISTRATION,M_LEVEL)
VALUES(SEQ_MEMBER_NO.NEXTVAL,'윤이경','begin@gamil.com','비긴스크림','1234','01078965412','B','6174028982','브론즈');

INSERT INTO MEMBER (NO,NAME,EMAIL,NICK,PWD,PHONE,TYPE,REGISTRATION,M_LEVEL)
VALUES(SEQ_MEMBER_NO.NEXTVAL,'안리','blossom@gamil.com','캠퍼스 블라썸','1234','01001478523','B','6584290708','브론즈');

INSERT INTO MEMBER (NO,NAME,EMAIL,NICK,PWD,PHONE,TYPE,REGISTRATION,M_LEVEL)
VALUES(SEQ_MEMBER_NO.NEXTVAL,'표은채','eco@naver.com','에코퀘스트','1234','01032145698','B','7925462890','브론즈');

INSERT INTO MEMBER (NO,NAME,EMAIL,NICK,PWD,PHONE,TYPE,REGISTRATION,M_LEVEL)
VALUES(SEQ_MEMBER_NO.NEXTVAL,'복오성','1umber@naver.com','웜버','1234','01012365478','I','5891740236','골드');

INSERT INTO MEMBER (NO,NAME,EMAIL,NICK,PWD,PHONE,TYPE,REGISTRATION,M_LEVEL)
VALUES(SEQ_MEMBER_NO.NEXTVAL,'송라온','kindigo@gamil.com','킨디고','1234','01054789632','I','7729580016','브론즈');

COMMIT;

---------------------
--좋아요
---------------------
DROP TABLE PROJECT_LIKE CASCADE CONSTRAINTS;

CREATE TABLE PROJECT_LIKE(
    NO              NUMBER      PRIMARY KEY,
    MEMBER_NO       NUMBER,
    PROJECT_NO      NUMBER,
    STATUS          CHAR(1)     DEFAULT 'N' CHECK (STATUS IN ('L', 'N'))
);

ALTER TABLE PROJECT_LIKE
ADD CONSTRAINT LIKE_NO_MEMBER_NO FOREIGN KEY(MEMBER_NO) REFERENCES MEMBER(NO);
ALTER TABLE PROJECT_LIKE
ADD CONSTRAINT LIKE_NO_PROJECT_NO FOREIGN KEY(PROJECT_NO) REFERENCES PROJECT(NO);

DROP SEQUENCE SEQ_PROJECT_LIKE_NO;
CREATE SEQUENCE SEQ_PROJECT_LIKE_NO NOCACHE NOCYCLE;





---------------------------------------------------
--쿠폰 테이블
---------------------------------------------------
DROP TABLE COUPON CASCADE CONSTRAINTS;

CREATE TABLE COUPON
(
    NO NUMBER PRIMARY KEY,
    MEM_NO NUMBER NOT NULL,
    NAME VARCHAR2(400) NOT NULL,
    DISCOUNT NUMBER NOT NULL
);

--회원번호 외래키 지정 (쿠폰)
ALTER TABLE COUPON ADD CONSTRAINT MEM_NO 
FOREIGN KEY(NO) REFERENCES MEMBER;

--쿠폰번호 시퀀스
DROP SEQUENCE SEQ_COUPON_NO;
CREATE SEQUENCE SEQ_COUPON_NO NOCACHE NOCYCLE;

--쿠폰 더미데이터
INSERT INTO COUPON(NO,MEM_NO,NAME,DISCOUNT)VALUES(SEQ_COUPON_NO.NEXTVAL,SEQ_MEMBER_NO.NEXTVAL,'생일쿠폰','3000');
INSERT INTO COUPON(NO,MEM_NO,NAME,DISCOUNT)VALUES(SEQ_COUPON_NO.NEXTVAL,SEQ_MEMBER_NO.NEXTVAL,'신규쿠폰','1000');
INSERT INTO COUPON(NO,MEM_NO,NAME,DISCOUNT)VALUES(SEQ_COUPON_NO.NEXTVAL,SEQ_MEMBER_NO.NEXTVAL,'깜작쿠폰','7000');
SELECT* FROM COUPON;

COMMIT;




------------------------
--결제수단 테이블
------------------------

DROP TABLE PAYMENT_CREDIT_CARD CASCADE CONSTRAINTS;
CREATE TABLE PAYMENT_CREDIT_CARD(
    NO              NUMBER      PRIMARY KEY
    ,MEMBER_NO       NUMBER      NOT NULL
    ,CARD_NUM        CHAR(16)    NOT NULL
    ,VALID_DATE      CHAR(4)     NOT NULL
    ,CARD_PWD        CHAR(2)     NOT NULL
    ,BIRTH           CHAR(8)
    ,PASSWORD        NUMBER      NOT NULL
    ,REGISTRATION    CHAR(10)
    ,DEFAULT_YN      CHAR(1)     DEFAULT 'N' CHECK(DEFAULT_YN IN('N','Y'))
);

--결제수단 시퀀스
DROP SEQUENCE SEQ_PAYMENT_NO;
CREATE SEQUENCE SEQ_PAYMENT_NO NOCACHE NOCYCLE;

--회원번호 외래키
ALTER TABLE PAYMENT_CREDIT_CARD ADD CONSTRAINT PAYMENT_MEMBER_REF_NO 
FOREIGN KEY(MEMBER_NO) REFERENCES MEMBER(NO);

--------------------------------
--DUMMY DATA
--------------------------------
INSERT INTO PAYMENT_CREDIT_CARD(
    NO
    ,MEMBER_NO
    ,CARD_NUM
    ,VALID_DATE
    ,CARD_PWD
    ,BIRTH
    ,PASSWORD
    ,DEFAULT_YN
)
VALUES
(
    SEQ_PAYMENT_NO.NEXTVAL
    ,1
    ,'1111222233334444'
    ,'0326'
    ,'22'
    ,'20000101'
    ,123456
    ,'Y'
);

INSERT INTO PAYMENT_CREDIT_CARD(
    NO
    ,MEMBER_NO
    ,CARD_NUM
    ,VALID_DATE
    ,CARD_PWD
    ,BIRTH
    ,PASSWORD
    ,DEFAULT_YN
)
VALUES
(
    SEQ_PAYMENT_NO.NEXTVAL
    ,2
    ,'1111222233335555'
    ,'0326'
    ,'22'
    ,'20000101'
    ,123456
    ,'N'
);

INSERT INTO PAYMENT_CREDIT_CARD(
    NO
    ,MEMBER_NO
    ,CARD_NUM
    ,VALID_DATE
    ,CARD_PWD
    ,PASSWORD
    ,REGISTRATION
    ,DEFAULT_YN
)
VALUES
(
    SEQ_PAYMENT_NO.NEXTVAL
    ,3
    ,'1111222233337777'
    ,'0326'
    ,'22'
    ,123456
    ,'0123456789'
    ,'Y'
);

INSERT INTO PAYMENT_CREDIT_CARD(
    NO
    ,MEMBER_NO
    ,CARD_NUM
    ,VALID_DATE
    ,CARD_PWD
    ,PASSWORD
    ,REGISTRATION
    ,DEFAULT_YN
)
VALUES
(
    SEQ_PAYMENT_NO.NEXTVAL
    ,3
    ,'1111222233338888'
    ,'0326'
    ,'22'
    ,123456
    ,'0123456789'
    ,'N'
);

COMMIT;




----------------------------
--배송지 TABLE
----------------------------

DROP TABLE DELIVERY_ADDRESS CASCADE CONSTRAINTS;
CREATE TABLE DELIVERY_ADDRESS(
    NO              NUMBER          PRIMARY KEY
    ,MEMBER_NO      NUMBER          NOT NULL
    ,POST_NUM       CHAR(5)         NOT NULL
    ,ADDR1          VARCHAR2(50)    NOT NULL
    ,ADDR2          VARCHAR2(100)   NOT NULL
    ,NAME           VARCHAR2(15)    NOT NULL
    ,PHONE          VARCHAR2(15)    NOT NULL
    ,DEFAULT_YN     CHAR(1)         DEFAULT 'N' CHECK(DEFAULT_YN IN('N','Y'))
);

--회원 번호 외래키
ALTER TABLE DELIVERY_ADDRESS ADD CONSTRAINT ADDR_MEMBER_REF_NO 
FOREIGN KEY(MEMBER_NO) REFERENCES MEMBER(NO);

--NO 시퀀스
DROP SEQUENCE SEQ_ADDR_NO;
CREATE SEQUENCE SEQ_ADDR_NO NOCACHE NOCYCLE;


-------------------------
--DUMMY DATA
-------------------------
INSERT INTO DELIVERY_ADDRESS(NO,MEMBER_NO,POST_NUM,ADDR1,ADDR2,NAME,PHONE,DEFAULT_YN)VALUES(SEQ_ADDR_NO.NEXTVAL,1,12345,'서울 강남구','테헤란로 1길 역삼역?','심원용','01012341234','Y');
INSERT INTO DELIVERY_ADDRESS(NO,MEMBER_NO,POST_NUM,ADDR1,ADDR2,NAME,PHONE,DEFAULT_YN)VALUES(SEQ_ADDR_NO.NEXTVAL,1,12242,'서울 강남구','테헤란로 2길 강남역?','심투용','01012341234','N');
INSERT INTO DELIVERY_ADDRESS(NO,MEMBER_NO,POST_NUM,ADDR1,ADDR2,NAME,PHONE,DEFAULT_YN)VALUES(SEQ_ADDR_NO.NEXTVAL,1,13342,'서울 강남구','테헤란로 3길 신논현역?','심삼용','01045661234','N');
COMMIT;





-------------------------
--MAKER_QUESTION
-------------------------

DROP TABLE MAKER_QUESTION;
CREATE TABLE MAKER_QUESTION(
    NO              NUMBER PRIMARY KEY  NOT NULL
    , MEMBER_NO     NUMBER NOT NULL
    , MAKER_NO      NUMBER NOT NULL
    , TITLE         VARCHAR2(100) NOT NULL
    , CONTENT       VARCHAR2(500) NOT NULL
    , WRITE_DATE    TIMESTAMP   DEFAULT SYSTIMESTAMP
    , ANSWER_YN     CHAR(1)     DEFAULT 'N'
    , DELETE_YN     CHAR(1)     DEFAULT 'N'
);

DROP SEQUENCE SEQ_MAKER_QUESTION_NO;
CREATE SEQUENCE SEQ_MAKER_QUESTION_NO NOCACHE NOCYCLE;


INSERT INTO MAKER_QUESTION(
    NO
    , MEMBER_NO
    , MAKER_NO
    , TITLE
    , CONTENT
)
VALUES(
    SEQ_MAKER_QUESTION_NO.NEXTVAL
    , 1
    , 3
    , '제목'
    , '내용'
)
;
COMMIT;





-----------------------------------
--MAKER_ANSWER
-----------------------------------

DROP TABLE MAKER_ANSWER;
CREATE TABLE MAKER_ANSWER(
    NO                  NUMBER          PRIMARY KEY
    , MAKER_QUESTION_NO NUMBER          NOT NULL
    , TITLE             VARCHAR2(100)   NOT NULL
    , CONTENT           VARCHAR2(500)   NOT NULL
    , WRITE_DATE        TIMESTAMP       DEFAULT SYSTIMESTAMP
    , CORRECTED_DATE    TIMESTAMP       DEFAULT SYSTIMESTAMP
    , DELETE_YN         CHAR(1)         DEFAULT 'N'
)
;

DROP SEQUENCE SEQ_MAKER_ANSWER_NO;
CREATE SEQUENCE SEQ_MAKER_ANSWER_NO NOCACHE NOCYCLE;


INSERT INTO MAKER_ANSWER(
    NO
    , MAKER_QUESTION_NO
    , TITLE
    , CONTENT
)
VALUES(
    SEQ_MAKER_ANSWER_NO.NEXTVAL
    , 1
    , '제목'
    , '내용'
)
;
COMMIT;





------------------------------------
--ADMIN
------------------------------------


--관리자 테이블 삭제
DROP TABLE ADMIN CASCADE CONSTRAINTS;

--관리자 테이블 생성
CREATE TABLE ADMIN (
    NO           NUMBER           PRIMARY KEY
    , ID         VARCHAR2(100)    NOT NULL    
    , PWD        VARCHAR2(100)    NOT NULL
    , NAME       VARCHAR2(15)     DEFAULT '관리자'
);

--시퀀스 삭제
DROP SEQUENCE SEQ_ADMIN_NO;

--시퀀스 생성
CREATE SEQUENCE SEQ_ADMIN_NO
NOCACHE NOCYCLE;

--관리자 더미데이터 생성
INSERT INTO ADMIN (NO,ID,PWD) VALUES (SEQ_ADMIN_NO.NEXTVAL, 'admin', '1234');

--커밋
COMMIT;





------------------------------------
--EVENT
------------------------------------

--이벤트 테이블 삭제
DROP TABLE EVENT CASCADE CONSTRAINTS;

--이벤트 테이블 생성
CREATE TABLE EVENT (
    NO                  NUMBER              PRIMARY KEY
    , ADMIN_NO           NUMBER              NOT NULL
    , TITLE             VARCHAR2(200)       NOT NULL
    , CONTENT           VARCHAR2(1000)      NOT NULL
    , THUMBNAIL_PATH    VARCHAR2(1000)      NOT NULL           
    , THUMBNAIL_NAME    VARCHAR2(255)       NOT NULL           
    , WRITE_DATE        TIMESTAMP           DEFAULT SYSDATE
    , START_DATE        DATE                NOT NULL
    , END_DATE          DATE                NOT NULL
    , IMPORTANT_YN      CHAR(1)             DEFAULT 'N' CHECK(IMPORTANT_YN IN('Y','N'))
    , EDIT_DATE         TIMESTAMP           DEFAULT SYSDATE
    , EDIT_ADMIN_NO     NUMBER              NULL
    , STATUS             CHAR(1)            DEFAULT 'B' CHECK(STATUS IN('B','I','E','D'))
)
;

--시퀀스 삭제
DROP SEQUENCE SEQ_EVENT_NO;

--시퀀스 생성
CREATE SEQUENCE SEQ_EVENT_NO
NOCACHE NOCYCLE;

--이벤트 더미데이터 생성
INSERT INTO EVENT (NO,ADMIN_NO,TITLE,CONTENT,THUMBNAIL_PATH,THUMBNAIL_NAME,START_DATE,END_DATE)VALUES (SEQ_EVENT_NO.NEXTVAL , 1 , '이벤트1' , '이벤트내용' , '경로' , '이름' , '2022-08-01' , '2022-09-01' ) ;
INSERT INTO EVENT (NO,ADMIN_NO,TITLE,CONTENT,THUMBNAIL_PATH,THUMBNAIL_NAME,START_DATE,END_DATE)VALUES (SEQ_EVENT_NO.NEXTVAL , 1 , '이벤트2' , '이벤트내용' , '경로' , '이름' , '2022-08-01' , '2022-09-01' ) ;
INSERT INTO EVENT (NO,ADMIN_NO,TITLE,CONTENT,THUMBNAIL_PATH,THUMBNAIL_NAME,START_DATE,END_DATE)VALUES (SEQ_EVENT_NO.NEXTVAL , 1 , '이벤트3' , '이벤트내용' , '경로' , '이름' , '2022-08-01' , '2022-09-01' ) ;
INSERT INTO EVENT (NO,ADMIN_NO,TITLE,CONTENT,THUMBNAIL_PATH,THUMBNAIL_NAME,START_DATE,END_DATE)VALUES (SEQ_EVENT_NO.NEXTVAL , 1 , '이벤트4' , '이벤트내용' , '경로' , '이름' , '2022-08-01' , '2022-09-01' ) ;
INSERT INTO EVENT (NO,ADMIN_NO,TITLE,CONTENT,THUMBNAIL_PATH,THUMBNAIL_NAME,START_DATE,END_DATE)VALUES (SEQ_EVENT_NO.NEXTVAL , 1 , '이벤트5' , '이벤트내용' , '경로' , '이름' , '2022-08-01' , '2022-09-01' ) ;
INSERT INTO EVENT (NO,ADMIN_NO,TITLE,CONTENT,THUMBNAIL_PATH,THUMBNAIL_NAME,START_DATE,END_DATE)VALUES (SEQ_EVENT_NO.NEXTVAL , 1 , '이벤트6' , '이벤트내용' , '경로' , '이름' , '2022-08-01' , '2022-09-01' ) ;
INSERT INTO EVENT (NO,ADMIN_NO,TITLE,CONTENT,THUMBNAIL_PATH,THUMBNAIL_NAME,START_DATE,END_DATE)VALUES (SEQ_EVENT_NO.NEXTVAL , 1 , '이벤트7' , '이벤트내용' , '경로' , '이름' , '2022-08-01' , '2022-09-01' ) ;
INSERT INTO EVENT (NO,ADMIN_NO,TITLE,CONTENT,THUMBNAIL_PATH,THUMBNAIL_NAME,START_DATE,END_DATE)VALUES (SEQ_EVENT_NO.NEXTVAL , 1 , '이벤트8' , '이벤트내용' , '경로' , '이름' , '2022-08-01' , '2022-09-01' ) ;
INSERT INTO EVENT (NO,ADMIN_NO,TITLE,CONTENT,THUMBNAIL_PATH,THUMBNAIL_NAME,START_DATE,END_DATE)VALUES (SEQ_EVENT_NO.NEXTVAL , 1 , '이벤트9' , '이벤트내용' , '경로' , '이름' , '2022-08-01' , '2022-09-01' ) ;
INSERT INTO EVENT (NO,ADMIN_NO,TITLE,CONTENT,THUMBNAIL_PATH,THUMBNAIL_NAME,START_DATE,END_DATE)VALUES (SEQ_EVENT_NO.NEXTVAL , 1 , '이벤트10' , '이벤트내용' , '경로' , '이름' , '2022-08-01' , '2022-09-01' ) ;
INSERT INTO EVENT (NO,ADMIN_NO,TITLE,CONTENT,THUMBNAIL_PATH,THUMBNAIL_NAME,START_DATE,END_DATE)VALUES (SEQ_EVENT_NO.NEXTVAL , 1 , '이벤트11' , '이벤트내용' , '경로' , '이름' , '2022-08-01' , '2022-09-01' ) ;
INSERT INTO EVENT (NO,ADMIN_NO,TITLE,CONTENT,THUMBNAIL_PATH,THUMBNAIL_NAME,START_DATE,END_DATE)VALUES (SEQ_EVENT_NO.NEXTVAL , 1 , '이벤트12' , '이벤트내용' , '경로' , '이름' , '2022-08-01' , '2022-09-01' ) ;
INSERT INTO EVENT (NO,ADMIN_NO,TITLE,CONTENT,THUMBNAIL_PATH,THUMBNAIL_NAME,START_DATE,END_DATE)VALUES (SEQ_EVENT_NO.NEXTVAL , 1 , '이벤트13' , '이벤트내용' , '경로' , '이름' , '2022-08-01' , '2022-09-01' ) ;
INSERT INTO EVENT (NO,ADMIN_NO,TITLE,CONTENT,THUMBNAIL_PATH,THUMBNAIL_NAME,START_DATE,END_DATE)VALUES (SEQ_EVENT_NO.NEXTVAL , 1 , '이벤트14' , '이벤트내용' , '경로' , '이름' , '2022-08-01' , '2022-09-01' ) ;
INSERT INTO EVENT (NO,ADMIN_NO,TITLE,CONTENT,THUMBNAIL_PATH,THUMBNAIL_NAME,START_DATE,END_DATE)VALUES (SEQ_EVENT_NO.NEXTVAL , 1 , '이벤트15' , '이벤트내용' , '경로' , '이름' , '2022-08-01' , '2022-09-01' ) ;


--커밋
COMMIT;



------------------------------------
--EVENT_FILE
------------------------------------

--이벤트 파일 테이블 삭제
DROP TABLE EVENT_FILE CASCADE CONSTRAINTS;

--이벤트 파일 테이블 생성
CREATE TABLE EVENT_FILE (
    NO              NUMBER          PRIMARY KEY
    , EVENT_NO       NUMBER          NOT NULL
    , PATH          VARCHAR2(1000)  NOT NULL
    , NAME          VARCHAR2(255)   NOT NULL
    , UPLOAD_DATE   TIMESTAMP       DEFAULT SYSDATE
    , DELETE_YN     CHAR(1)         DEFAULT 'N' CHECK(DELETE_YN IN('Y','N'))
)
;

--시퀀스 삭제
DROP SEQUENCE SEQ_EVENT_FILE_NO;

--시퀀스 생성
CREATE SEQUENCE SEQ_EVENT_FILE_NO
NOCACHE NOCYCLE;

--이벤트 파일 더미데이터 생성

--커밋
COMMIT;



------------------------------------
--NOTICE
------------------------------------

--공지사항 테이블 삭제
DROP TABLE NOTICE CASCADE CONSTRAINTS;

--공지사항 테이블 생성
CREATE TABLE NOTICE (
    NO                  NUMBER              PRIMARY KEY
    , ADMIN_NO          NUMBER              NOT NULL
    , TITLE             VARCHAR2(200)       NOT NULL
    , CONTENT           VARCHAR2(1000)      NOT NULL
    , THUMBNAIL_PATH    VARCHAR2(1000)      NOT NULL           
    , THUMBNAIL_NAME    VARCHAR2(255)       NOT NULL           
    , WRITE_DATE        TIMESTAMP           DEFAULT SYSDATE
    , IMPORTANT_YN      CHAR(1)             DEFAULT 'N' CHECK(IMPORTANT_YN IN('Y','N'))
    , EDIT_DATE         TIMESTAMP           DEFAULT SYSDATE
    , EDIT_ADMIN_NO     NUMBER              NULL
    , DELETE_YN         CHAR(1)             DEFAULT 'N' CHECK(DELETE_YN IN('Y','N'))
)
;

--시퀀스 삭제
DROP SEQUENCE SEQ_NOTICE_NO;

--시퀀스 생성
CREATE SEQUENCE SEQ_NOTICE_NO
NOCACHE NOCYCLE;

--공지사항 더미데이터 생성
INSERT INTO NOTICE (NO,ADMIN_NO,TITLE,CONTENT,THUMBNAIL_PATH,THUMBNAIL_NAME)VALUES (SEQ_NOTICE_NO.NEXTVAL , 1 , '공지사항1' , '공지사항내용' , '경로' , '이름') ;
INSERT INTO NOTICE (NO,ADMIN_NO,TITLE,CONTENT,THUMBNAIL_PATH,THUMBNAIL_NAME)VALUES (SEQ_NOTICE_NO.NEXTVAL , 1 , '공지사항2' , '공지사항내용' , '경로' , '이름') ;
INSERT INTO NOTICE (NO,ADMIN_NO,TITLE,CONTENT,THUMBNAIL_PATH,THUMBNAIL_NAME)VALUES (SEQ_NOTICE_NO.NEXTVAL , 1 , '공지사항3' , '공지사항내용' , '경로' , '이름') ;
INSERT INTO NOTICE (NO,ADMIN_NO,TITLE,CONTENT,THUMBNAIL_PATH,THUMBNAIL_NAME)VALUES (SEQ_NOTICE_NO.NEXTVAL , 1 , '공지사항4' , '공지사항내용' , '경로' , '이름') ;
INSERT INTO NOTICE (NO,ADMIN_NO,TITLE,CONTENT,THUMBNAIL_PATH,THUMBNAIL_NAME)VALUES (SEQ_NOTICE_NO.NEXTVAL , 1 , '공지사항5' , '공지사항내용' , '경로' , '이름') ;
INSERT INTO NOTICE (NO,ADMIN_NO,TITLE,CONTENT,THUMBNAIL_PATH,THUMBNAIL_NAME)VALUES (SEQ_NOTICE_NO.NEXTVAL , 1 , '공지사항6' , '공지사항내용' , '경로' , '이름') ;
INSERT INTO NOTICE (NO,ADMIN_NO,TITLE,CONTENT,THUMBNAIL_PATH,THUMBNAIL_NAME)VALUES (SEQ_NOTICE_NO.NEXTVAL , 1 , '공지사항7' , '공지사항내용' , '경로' , '이름') ;
INSERT INTO NOTICE (NO,ADMIN_NO,TITLE,CONTENT,THUMBNAIL_PATH,THUMBNAIL_NAME)VALUES (SEQ_NOTICE_NO.NEXTVAL , 1 , '공지사항8' , '공지사항내용' , '경로' , '이름') ;
INSERT INTO NOTICE (NO,ADMIN_NO,TITLE,CONTENT,THUMBNAIL_PATH,THUMBNAIL_NAME)VALUES (SEQ_NOTICE_NO.NEXTVAL , 1 , '공지사항9' , '공지사항내용' , '경로' , '이름') ;
INSERT INTO NOTICE (NO,ADMIN_NO,TITLE,CONTENT,THUMBNAIL_PATH,THUMBNAIL_NAME)VALUES (SEQ_NOTICE_NO.NEXTVAL , 1 , '공지사항10' , '공지사항내용' , '경로' , '이름') ;
INSERT INTO NOTICE (NO,ADMIN_NO,TITLE,CONTENT,THUMBNAIL_PATH,THUMBNAIL_NAME)VALUES (SEQ_NOTICE_NO.NEXTVAL , 1 , '공지사항11' , '공지사항내용' , '경로' , '이름') ;
INSERT INTO NOTICE (NO,ADMIN_NO,TITLE,CONTENT,THUMBNAIL_PATH,THUMBNAIL_NAME)VALUES (SEQ_NOTICE_NO.NEXTVAL , 1 , '공지사항12' , '공지사항내용' , '경로' , '이름') ;
INSERT INTO NOTICE (NO,ADMIN_NO,TITLE,CONTENT,THUMBNAIL_PATH,THUMBNAIL_NAME)VALUES (SEQ_NOTICE_NO.NEXTVAL , 1 , '공지사항13' , '공지사항내용' , '경로' , '이름') ;
INSERT INTO NOTICE (NO,ADMIN_NO,TITLE,CONTENT,THUMBNAIL_PATH,THUMBNAIL_NAME)VALUES (SEQ_NOTICE_NO.NEXTVAL , 1 , '공지사항14' , '공지사항내용' , '경로' , '이름') ;
INSERT INTO NOTICE (NO,ADMIN_NO,TITLE,CONTENT,THUMBNAIL_PATH,THUMBNAIL_NAME)VALUES (SEQ_NOTICE_NO.NEXTVAL , 1 , '공지사항15' , '공지사항내용' , '경로' , '이름') ;

--커밋
COMMIT;




------------------------------------
--NOTCIE_FILE
------------------------------------

--공지사항 파일 테이블 삭제
DROP TABLE NOTICE_FILE CASCADE CONSTRAINTS;

--공지사항 파일 테이블 생성
CREATE TABLE NOTICE_FILE (
    NO              NUMBER          NOT NULL
    , NOTICE_NO       NUMBER          NOT NULL
    , PATH          VARCHAR2(1000)  NOT NULL
    , NAME          VARCHAR2(255)   NOT NULL
    , UPLOAD_DATE   TIMESTAMP       DEFAULT SYSDATE
    , DELETE_YN     CHAR(1)         DEFAULT 'N' CHECK(DELETE_YN IN('Y','N'))
)
;

--시퀀스 삭제
DROP SEQUENCE SEQ_NOTICE_FILE_NO;

--시퀀스 생성
CREATE SEQUENCE SEQ_NOTICE_FILE_NO
NOCACHE NOCYCLE;

--공지사항 파일 더미데이터 생성



--커밋
COMMIT;


----------------------------------------------------------
----------------------------------------------------------
--외래키 설정
-----------------------------------------------------------

--이벤트 외래키
ALTER TABLE EVENT
ADD CONSTRAINT EVENT_ADMIN_REF_NO 
FOREIGN KEY (ADMIN_NO) REFERENCES ADMIN;

--공지사항 외래키
ALTER TABLE NOTICE
ADD CONSTRAINT NOTICE_ADMIN_REF_NO 
FOREIGN KEY (ADMIN_NO) REFERENCES ADMIN;

--이벤트_파일 외래키
ALTER TABLE EVENT_FILE
ADD CONSTRAINT EVENT_FILE_EVENT_REF_NO 
FOREIGN KEY (EVENT_NO) REFERENCES EVENT;

--공지사항_파일 외래키
ALTER TABLE NOTICE_FILE
ADD CONSTRAINT NOTICE_FILE_NOTICE_REF_NO 
FOREIGN KEY (NOTICE_NO) REFERENCES NOTICE;

--커밋
COMMIT;





---------------------------------------------------
--PROJECT 프로젝트
---------------------------------------------------

DROP TABLE PROJECT CASCADE CONSTRAINTS;

CREATE TABLE PROJECT
(
    PROJECT_NO NUMBER PRIMARY KEY,
    CATEGORY_NO NUMBER NOT NULL,
    NAME VARCHAR2(100) NOT NULL,
    REGISTER_DATE TIMESTAMP DEFAULT SYSDATE,
    START_DATE DATE NOT NULL,
    END_DATE DATE NOT NULL,
    GOAL NUMBER NOT NULL,
    MAKER_NO NUMBER NOT NULL,
    TEXT VARCHAR2(1000) NOT NULL,
    ACCOUNT_NO VARCHAR2(20) NOT NULL,
    SHIPPING_DATE DATE NOT NULL,
    THUMBNAIL_NAME VARCHAR2(255) NOT NULL,
    THUMBNAIL_PATH VARCHAR2(500) NOT NULL,
    ETC VARCHAR2(1000),
    ACCOUNT_BANK VARCHAR2(20) NOT NULL,
    ACCOUNT_NAME VARCHAR2(20) NOT NULL,
    MAKER_INFO VARCHAR2(500),
    STATUS CHAR(1) DEFAULT 'R' CHECK(STATUS IN('R','N','A','B','I','S','F','D'))
);

--프로젝트 상태 코멘트
COMMENT ON COLUMN PROJECT.STATUS IS 'R=접수, N=반려, A=검토중, B=진행전, I=진행중, S=마감(성공), F=마감(실패) D=삭제';

--프로젝트 번호 시퀀스
DROP SEQUENCE SEQ_PROJECT_NO;
CREATE SEQUENCE SEQ_PROJECT_NO NOCACHE NOCYCLE;

---------------------------------------------------
--DESCRIPTION_FILE 프로젝트 상세페이지 첨부파일
---------------------------------------------------

DROP TABLE DESCRIPTION_FILE CASCADE CONSTRAINTS;

CREATE TABLE DESCRIPTION_FILE
(
    NO NUMBER PRIMARY KEY,
    PROJECT_NO NUMBER NOT NULL,
    FILE_SRC VARCHAR2(1000) NOT NULL,
    ORIGIN_NAME VARCHAR2(255) NOT NULL,
    CHANGE_NAME VARCHAR2(255)NOT NULL,
    UPLOAD_DATE TIMESTAMP DEFAULT SYSDATE
);

--프로젝트 번호 외래키 지정 (파일)
ALTER TABLE DESCRIPTION_FILE ADD CONSTRAINT ATT_PROJECT_REF_NO 
FOREIGN KEY(PROJECT_NO) REFERENCES PROJECT;

--첨부파일 번호 시퀀스
DROP SEQUENCE SEQ_DESCRIPTION_NO;
CREATE SEQUENCE SEQ_DESCRIPTION_NO NOCACHE NOCYCLE;

---------------------------------------------------
--PROJECT 프로젝트테이블 더미데이터
---------------------------------------------------
INSERT INTO PROJECT (PROJECT_NO, CATEGORY_NO, NAME, REGISTER_DATE, START_DATE, END_DATE, GOAL, MAKER_NO, TEXT, ACCOUNT_NO, SHIPPING_DATE, THUMBNAIL_NAME, THUMBNAIL_PATH, ETC, ACCOUNT_BANK, ACCOUNT_NAME, MAKER_INFO, STATUS ) VALUES ( SEQ_PROJECT_NO.NEXTVAL, 1, '프로젝트명1', SYSDATE, SYSDATE, SYSDATE, 10000000, 1, '상세설명 구간', 12345-123, SYSDATE, '썸네일명', '썸네일주소', '예상되는 어려움!!', '국민', '홍길동', '저희는 식품전문 메이커입니당', 'I' );
INSERT INTO PROJECT (PROJECT_NO, CATEGORY_NO, NAME, REGISTER_DATE, START_DATE, END_DATE, GOAL, MAKER_NO, TEXT, ACCOUNT_NO, SHIPPING_DATE, THUMBNAIL_NAME, THUMBNAIL_PATH, ETC, ACCOUNT_BANK, ACCOUNT_NAME, MAKER_INFO, STATUS ) VALUES ( SEQ_PROJECT_NO.NEXTVAL, 1, '프로젝트명2', SYSDATE, SYSDATE, SYSDATE, 20000000, 2, '상세설명 구간2', 12345-123, SYSDATE, '썸네일명', '썸네일주소', '예상되는 어려움!!', '국민', '홍길동', '저희는 oo전문 메이커입니당', 'I' );
INSERT INTO PROJECT (PROJECT_NO, CATEGORY_NO, NAME, REGISTER_DATE, START_DATE, END_DATE, GOAL, MAKER_NO, TEXT, ACCOUNT_NO, SHIPPING_DATE, THUMBNAIL_NAME, THUMBNAIL_PATH, ETC, ACCOUNT_BANK, ACCOUNT_NAME, MAKER_INFO, STATUS ) VALUES ( SEQ_PROJECT_NO.NEXTVAL, 3, '프로젝트명3', SYSDATE, SYSDATE, SYSDATE, 30000000, 3, '상세설명 구간3', 12345-123, SYSDATE, '썸네일명', '썸네일주소', '예상되는 어려움!!', '국민', '홍길동', '저희는 oo전문 메이커입니당', 'I' );
INSERT INTO PROJECT (PROJECT_NO, CATEGORY_NO, NAME, REGISTER_DATE, START_DATE, END_DATE, GOAL, MAKER_NO, TEXT, ACCOUNT_NO, SHIPPING_DATE, THUMBNAIL_NAME, THUMBNAIL_PATH, ETC, ACCOUNT_BANK, ACCOUNT_NAME, MAKER_INFO, STATUS ) VALUES ( SEQ_PROJECT_NO.NEXTVAL, 4, '프로젝트명4', SYSDATE, SYSDATE, SYSDATE, 30000000, 4, '상세설명 구간4', 12345-123, SYSDATE, '썸네일명', '썸네일주소', '예상되는 어려움!!', '국민', '홍길동', '저희는 oo전문 메이커입니당', 'I' );
INSERT INTO PROJECT (PROJECT_NO, CATEGORY_NO, NAME, REGISTER_DATE, START_DATE, END_DATE, GOAL, MAKER_NO, TEXT, ACCOUNT_NO, SHIPPING_DATE, THUMBNAIL_NAME, THUMBNAIL_PATH, ETC, ACCOUNT_BANK, ACCOUNT_NAME, MAKER_INFO, STATUS ) VALUES ( SEQ_PROJECT_NO.NEXTVAL, 5, '프로젝트명5', SYSDATE, SYSDATE, SYSDATE, 50000000, 5, '상세설명 구간5', 12345-123, SYSDATE, '썸네일명', '썸네일주소', '예상되는 어려움!!', '국민', '홍길동', '저희는 oo전문 메이커입니당', 'I' );
INSERT INTO PROJECT (PROJECT_NO, CATEGORY_NO, NAME, REGISTER_DATE, START_DATE, END_DATE, GOAL, MAKER_NO, TEXT, ACCOUNT_NO, SHIPPING_DATE, THUMBNAIL_NAME, THUMBNAIL_PATH, ETC, ACCOUNT_BANK, ACCOUNT_NAME, MAKER_INFO, STATUS ) VALUES ( SEQ_PROJECT_NO.NEXTVAL, 6, '프로젝트명6', SYSDATE, SYSDATE, SYSDATE, 50000000, 6, '상세설명 구간5', 12345-123, SYSDATE, '썸네일명', '썸네일주소', '예상되는 어려움!!', '국민', '홍길동', '저희는 oo전문 메이커입니당', 'I' );
INSERT INTO PROJECT (PROJECT_NO, CATEGORY_NO, NAME, REGISTER_DATE, START_DATE, END_DATE, GOAL, MAKER_NO, TEXT, ACCOUNT_NO, SHIPPING_DATE, THUMBNAIL_NAME, THUMBNAIL_PATH, ETC, ACCOUNT_BANK, ACCOUNT_NAME, MAKER_INFO, STATUS ) VALUES ( SEQ_PROJECT_NO.NEXTVAL, 7, '프로젝트명7', SYSDATE, SYSDATE, SYSDATE, 50000000, 7, '상세설명 구간5', 12345-123, SYSDATE, '썸네일명', '썸네일주소', '예상되는 어려움!!', '국민', '홍길동', '저희는 oo전문 메이커입니당', 'I' );
INSERT INTO PROJECT (PROJECT_NO, CATEGORY_NO, NAME, REGISTER_DATE, START_DATE, END_DATE, GOAL, MAKER_NO, TEXT, ACCOUNT_NO, SHIPPING_DATE, THUMBNAIL_NAME, THUMBNAIL_PATH, ETC, ACCOUNT_BANK, ACCOUNT_NAME, MAKER_INFO, STATUS ) VALUES ( SEQ_PROJECT_NO.NEXTVAL, 1, '프로젝트명1', SYSDATE, SYSDATE, SYSDATE, 10000000, 1, '상세설명 구간', 12345-123, SYSDATE, '썸네일명', '썸네일주소', '예상되는 어려움!!', '국민', '홍길동', '저희는 식품전문 메이커입니당', 'I' );
INSERT INTO PROJECT (PROJECT_NO, CATEGORY_NO, NAME, REGISTER_DATE, START_DATE, END_DATE, GOAL, MAKER_NO, TEXT, ACCOUNT_NO, SHIPPING_DATE, THUMBNAIL_NAME, THUMBNAIL_PATH, ETC, ACCOUNT_BANK, ACCOUNT_NAME, MAKER_INFO, STATUS ) VALUES ( SEQ_PROJECT_NO.NEXTVAL, 1, '프로젝트명2', SYSDATE, SYSDATE, SYSDATE, 20000000, 2, '상세설명 구간2', 12345-123, SYSDATE, '썸네일명', '썸네일주소', '예상되는 어려움!!', '국민', '홍길동', '저희는 oo전문 메이커입니당', 'I' );
INSERT INTO PROJECT (PROJECT_NO, CATEGORY_NO, NAME, REGISTER_DATE, START_DATE, END_DATE, GOAL, MAKER_NO, TEXT, ACCOUNT_NO, SHIPPING_DATE, THUMBNAIL_NAME, THUMBNAIL_PATH, ETC, ACCOUNT_BANK, ACCOUNT_NAME, MAKER_INFO, STATUS ) VALUES ( SEQ_PROJECT_NO.NEXTVAL, 3, '프로젝트명3', SYSDATE, SYSDATE, SYSDATE, 30000000, 3, '상세설명 구간3', 12345-123, SYSDATE, '썸네일명', '썸네일주소', '예상되는 어려움!!', '국민', '홍길동', '저희는 oo전문 메이커입니당', 'I' );
INSERT INTO PROJECT (PROJECT_NO, CATEGORY_NO, NAME, REGISTER_DATE, START_DATE, END_DATE, GOAL, MAKER_NO, TEXT, ACCOUNT_NO, SHIPPING_DATE, THUMBNAIL_NAME, THUMBNAIL_PATH, ETC, ACCOUNT_BANK, ACCOUNT_NAME, MAKER_INFO, STATUS ) VALUES ( SEQ_PROJECT_NO.NEXTVAL, 4, '프로젝트명4', SYSDATE, SYSDATE, SYSDATE, 30000000, 4, '상세설명 구간4', 12345-123, SYSDATE, '썸네일명', '썸네일주소', '예상되는 어려움!!', '국민', '홍길동', '저희는 oo전문 메이커입니당', 'I' );
INSERT INTO PROJECT (PROJECT_NO, CATEGORY_NO, NAME, REGISTER_DATE, START_DATE, END_DATE, GOAL, MAKER_NO, TEXT, ACCOUNT_NO, SHIPPING_DATE, THUMBNAIL_NAME, THUMBNAIL_PATH, ETC, ACCOUNT_BANK, ACCOUNT_NAME, MAKER_INFO, STATUS ) VALUES ( SEQ_PROJECT_NO.NEXTVAL, 5, '프로젝트명5', SYSDATE, SYSDATE, SYSDATE, 50000000, 5, '상세설명 구간5', 12345-123, SYSDATE, '썸네일명', '썸네일주소', '예상되는 어려움!!', '국민', '홍길동', '저희는 oo전문 메이커입니당', 'I' );
INSERT INTO PROJECT (PROJECT_NO, CATEGORY_NO, NAME, REGISTER_DATE, START_DATE, END_DATE, GOAL, MAKER_NO, TEXT, ACCOUNT_NO, SHIPPING_DATE, THUMBNAIL_NAME, THUMBNAIL_PATH, ETC, ACCOUNT_BANK, ACCOUNT_NAME, MAKER_INFO, STATUS ) VALUES ( SEQ_PROJECT_NO.NEXTVAL, 6, '프로젝트명6', SYSDATE, SYSDATE, SYSDATE, 50000000, 6, '상세설명 구간5', 12345-123, SYSDATE, '썸네일명', '썸네일주소', '예상되는 어려움!!', '국민', '홍길동', '저희는 oo전문 메이커입니당', 'I' );
INSERT INTO PROJECT (PROJECT_NO, CATEGORY_NO, NAME, REGISTER_DATE, START_DATE, END_DATE, GOAL, MAKER_NO, TEXT, ACCOUNT_NO, SHIPPING_DATE, THUMBNAIL_NAME, THUMBNAIL_PATH, ETC, ACCOUNT_BANK, ACCOUNT_NAME, MAKER_INFO, STATUS ) VALUES ( SEQ_PROJECT_NO.NEXTVAL, 7, '프로젝트명7', SYSDATE, SYSDATE, SYSDATE, 50000000, 7, '상세설명 구간5', 12345-123, SYSDATE, '썸네일명', '썸네일주소', '예상되는 어려움!!', '국민', '홍길동', '저희는 oo전문 메이커입니당', 'I' );
COMMIT;





---------------------------------------------------
--PROJECT 날짜 관련 설정 (Date 타입은 시간을 설정해도 조회 시 날짜만 표시됩니다. 아래의 명령문으로 시간까지 조회 가능하니 참고 부탁드립니다.)
---------------------------------------------------

alter session set nls_date_format='YYYY-MM-DD HH24:MI:SS';









---------------------------------------------------
--REWARD 리워드
---------------------------------------------------

DROP TABLE REWARD CASCADE CONSTRAINTS;

CREATE TABLE REWARD
(
    NO NUMBER PRIMARY KEY,
    PROJECT_NO NUMBER NOT NULL,
    "OPTION" VARCHAR2(50) NOT NULL,
    DETAIL VARCHAR2(200) NOT NULL,
    PRICE NUMBER NOT NULL,
    QUANTITY NUMBER NOT NULL
);

--프로젝트 번호 외래키 지정 (리워드)
ALTER TABLE REWARD ADD CONSTRAINT REWARD_PROJECT_REF_NO 
FOREIGN KEY(PROJECT_NO) REFERENCES PROJECT;

--첨부파일 번호 시퀀스
DROP SEQUENCE SEQ_REWARD_NO;
CREATE SEQUENCE SEQ_REWARD_NO NOCACHE NOCYCLE;



------------------------------------------
--더미 데이터(기호에 맞게 변경해서 쓰세요)
------------------------------------------
INSERT INTO REWARD( NO ,PROJECT_NO ,"OPTION" ,DETAIL ,PRICE ,QUANTITY ) VALUES ( SEQ_REWARD_NO.NEXTVAL ,2 ,'미끌거름망' ,'거름망10개입' ,50000 ,10 ) ;








---------------------------------------------------
--CATEGORY 카테고리
---------------------------------------------------

DROP TABLE CATEGORY CASCADE CONSTRAINTS;

CREATE TABLE CATEGORY
(
    CATEGORY_NO NUMBER PRIMARY KEY,
    NAME VARCHAR2(20) NOT NULL
);

--카테고리 번호 시퀀스
DROP SEQUENCE SEQ_CATEGORY_NO;
CREATE SEQUENCE SEQ_CATEGORY_NO NOCACHE NOCYCLE;

--카테고리 번호 외래키 지정 (프로젝트)
ALTER TABLE "PROJECT" ADD CONSTRAINT PROJECT_CATEGORY_REF_NO 
FOREIGN KEY(CATEGORY_NO) REFERENCES CATEGORY;

--카테고리 INSERT
INSERT INTO CATEGORY(CATEGORY_NO , NAME) VALUES(1, '푸드');
INSERT INTO CATEGORY(CATEGORY_NO , NAME) VALUES(2, '홈, 리빙');
INSERT INTO CATEGORY(CATEGORY_NO , NAME) VALUES(3, '모빌리티');
INSERT INTO CATEGORY(CATEGORY_NO , NAME) VALUES(4, '테크, 가전');
INSERT INTO CATEGORY(CATEGORY_NO , NAME) VALUES(5, '패션, 잡화');
INSERT INTO CATEGORY(CATEGORY_NO , NAME) VALUES(6, '반려동물');
INSERT INTO CATEGORY(CATEGORY_NO , NAME) VALUES(7, '도서, 출판');
INSERT INTO CATEGORY(CATEGORY_NO , NAME) VALUES(8, '여행, 레저');
INSERT INTO CATEGORY(CATEGORY_NO , NAME) VALUES(9, '클래스');
INSERT INTO CATEGORY(CATEGORY_NO , NAME) VALUES(10, '뷰티');
INSERT INTO CATEGORY(CATEGORY_NO , NAME) VALUES(11, '스포츠');
INSERT INTO CATEGORY(CATEGORY_NO , NAME) VALUES(12, '식테크');

COMMIT;




---------------------------------------
--DONATE_LIST 후원내역 테이블
---------------------------------------
DROP TABLE DONATE_LIST CASCADE CONSTRAINTS;
CREATE TABLE DONATE_LIST
(
    NO                  NUMBER      PRIMARY KEY,
    REWARD_NO           NUMBER      NOT NULL,
    MEMBER_NO           NUMBER      NOT NULL,
    PAYMENT_METHOD_NO   NUMBER      NOT NULL,
    DELIVERY_ADDR_NO    NUMBER      NOT NULL,
    DONATE_DATE         TIMESTAMP   DEFAULT SYSDATE,
    AMOUNT              NUMBER      NOT NULL,
    QUANTITY            NUMBER      NOT NULL,
    ADDITIONAL          NUMBER      DEFAULT 0,
    CANCEL_YN           CHAR(1)     DEFAULT 'N' CHECK(CANCEL_YN IN('Y','N')),
    CANCEL_DATE         TIMESTAMP
);

--시퀀스
DROP SEQUENCE SEQ_DONATE_LIST_NO;
CREATE SEQUENCE SEQ_DONATE_LIST_NO NOCACHE NOCYCLE;

--제약조건
ALTER TABLE DONATE_LIST
ADD CONSTRAINT DONATE_LIST_REWARD_NO FOREIGN KEY(REWARD_NO) REFERENCES REWARD(NO);
ALTER TABLE DONATE_LIST
ADD CONSTRAINT DONATE_LIST_MEMBER_NO FOREIGN KEY(MEMBER_NO) REFERENCES MEMBER(NO);
ALTER TABLE DONATE_LIST
ADD CONSTRAINT DONATE_LIST_PAYMENT_METHOD_NO FOREIGN KEY(PAYMENT_METHOD_NO) REFERENCES PAYMENT_CREDIT_CARD(NO);
ALTER TABLE DONATE_LIST
ADD CONSTRAINT DONATE_LIST_DELIVERY_ADDR_NO FOREIGN KEY(DELIVERY_ADDR_NO) REFERENCES DELIVERY_ADDRESS(NO);

--더미데이터
INSERT INTO DONATE_LIST(NO,REWARD_NO,MEMBER_NO,PAYMENT_METHOD_NO,DELIVERY_ADDR_NO,AMOUNT,QUANTITY)
    VALUES(SEQ_DONATE_LIST_NO.NEXTVAL,1,1,1,1,10000,1);
INSERT INTO DONATE_LIST(NO,REWARD_NO,MEMBER_NO,PAYMENT_METHOD_NO,DELIVERY_ADDR_NO,AMOUNT,QUANTITY)
    VALUES(SEQ_DONATE_LIST_NO.NEXTVAL,1,2,1,1,24000,1);
INSERT INTO DONATE_LIST(NO,REWARD_NO,MEMBER_NO,PAYMENT_METHOD_NO,DELIVERY_ADDR_NO,AMOUNT,QUANTITY)
    VALUES(SEQ_DONATE_LIST_NO.NEXTVAL,1,2385,1,1,50000,1);
INSERT INTO DONATE_LIST(NO,REWARD_NO,MEMBER_NO,PAYMENT_METHOD_NO,DELIVERY_ADDR_NO,AMOUNT,QUANTITY)
    VALUES(SEQ_DONATE_LIST_NO.NEXTVAL,1,2386,1,1,73000,1);
INSERT INTO DONATE_LIST(NO,REWARD_NO,MEMBER_NO,PAYMENT_METHOD_NO,DELIVERY_ADDR_NO,AMOUNT,QUANTITY,ADDITIONAL)
    VALUES(SEQ_DONATE_LIST_NO.NEXTVAL,9,1,1,1,16000,2,2000);
INSERT INTO DONATE_LIST(NO,REWARD_NO,MEMBER_NO,PAYMENT_METHOD_NO,DELIVERY_ADDR_NO,AMOUNT,QUANTITY,ADDITIONAL)
    VALUES(SEQ_DONATE_LIST_NO.NEXTVAL,9,2,1,1,24000,1,2000);
INSERT INTO DONATE_LIST(NO,REWARD_NO,MEMBER_NO,PAYMENT_METHOD_NO,DELIVERY_ADDR_NO,AMOUNT,QUANTITY,ADDITIONAL)
    VALUES(SEQ_DONATE_LIST_NO.NEXTVAL,9,2385,1,1,84000,3,2000);
INSERT INTO DONATE_LIST(NO,REWARD_NO,MEMBER_NO,PAYMENT_METHOD_NO,DELIVERY_ADDR_NO,AMOUNT,QUANTITY,ADDITIONAL)
    VALUES(SEQ_DONATE_LIST_NO.NEXTVAL,9,2386,1,1,73000,2,2000);
COMMIT;





---------------------------------
--REPORT(신고)
--------------------------------

DROP TABLE REPORT CASCADE CONSTRAINTS;

CREATE TABLE REPORT (
    NO              NUMBER          PRIMARY KEY
    , PROJECT_NO    NUMBER          NOT NULL
    , MEMBER_NO     NUMBER          NOT NULL
    , CONTENT       VARCHAR2(1000)  NOT NULL
    , SUBMIT_DATE          TIMESTAMP       DEFAULT SYSDATE
    , REPORT_AC     CHAR(1)         DEFAULT 'A' CHECK(REPORT_AC IN('A','C'))
)
;

DROP SEQUENCE SEQ_REPORT_NO;
CREATE SEQUENCE SEQ_REPORT_NO NOCACHE NOCYCLE;

ALTER TABLE "REPORT" ADD CONSTRAINT PROJECT_REPORT_REF_NO
FOREIGN KEY (PROJECT_NO) REFERENCES "PROJECT";

ALTER TABLE "REPORT" ADD CONSTRAINT MEMBER_REPORT_REF_NO
FOREIGN KEY (MEMBER_NO) REFERENCES "MEMBER";



INSERT INTO REPORT (NO,PROJECT_NO,MEMBER_NO,CONTENT) VALUES (SEQ_REPORT_NO.nextval,1,1,'신고1');
Insert into C##SEMI200.REPORT (NO,PROJECT_NO,MEMBER_NO,CONTENT,SUBMIT_DATE,REPORT_AC) values (3,4,3,'해당 스툴과 유사한 디자인의 스툴이 이미 판매되고 있습니다. 어느 제품이 먼저인지는 모르겠습니다만, 일단 확인을 해주시는 편이 좋을것같아 의견남깁니다. 감사합니다.',to_timestamp('22/08/23 01:57:32.000000000','RR/MM/DD HH24:MI:SSXFF'),'A');

COMMIT;






Insert into C##SEMI200.PROJECT (PROJECT_NO,CATEGORY_NO,NAME,REGISTER_DATE,START_DATE,END_DATE,GOAL,MAKER_NO,TEXT,ACCOUNT_NO,SHIPPING_DATE,THUMBNAIL_NAME,THUMBNAIL_PATH,ETC,ACCOUNT_BANK,ACCOUNT_NAME,MAKER_INFO,STATUS) values (1,2,'1008시간의 기다림으로 만든 진짜! 천연비누 [라플라플]',to_timestamp('22/08/22 22:04:43.000000000','RR/MM/DD HH24:MI:SSXFF'),to_date('2022-07-22 00:00:00','YYYY-MM-DD HH24:MI:SS'),to_date('2022-08-22 23:59:59','YYYY-MM-DD HH24:MI:SS'),1000000,6,'당신의 피부 걱정!
"1008시간의 발효"에서 답을 찾았어요!
예로부터 막걸리를 만드는 ''주조사의 손은 늙지 않는다''라는 말이 있죠. 쌀, 발효로 만들어진 막걸리는 물론이고, 그 부산물인 ''지게미''에는 피부 보습, 재생에 효과적인 성분들이 응축되어 있어요.

그동안 쌓아온 발효기술로 지게미와 쌀누룩을 활용해 한약재로부터 미백, 보습, 진정, 모발에 도움을 주는 성분들을 발효 추출했어요.

그리고, 천연재료 99.99%!
이것이 진짜 천연비누[라플라플]
오직!  계면활성제, 유기농엑스트라버진올리브오일, 천연오일, 천연에센셜오일, 천연분말 뿐!','1234567890',to_date('2022-09-01 00:00:00','YYYY-MM-DD HH24:MI:SS'),'200_1661173482898_c2626a08.PNG','C:\dev\semiPrj200\semiPrj00\WebContent\resources\upload',null,'우리','권미르','RA:FL(라플)의 풀네임은 Rice Flower 로 쌀, 발효를 거쳐 한 TOL(톨)의 꽃이 되다 라는 의미입니다. 발효의 진심인 전통주 도반이 뜻을 모아 리얼 천연비누 RA:FL을 만들었습니다.','S');
Insert into C##SEMI200.PROJECT (PROJECT_NO,CATEGORY_NO,NAME,REGISTER_DATE,START_DATE,END_DATE,GOAL,MAKER_NO,TEXT,ACCOUNT_NO,SHIPPING_DATE,THUMBNAIL_NAME,THUMBNAIL_PATH,ETC,ACCOUNT_BANK,ACCOUNT_NAME,MAKER_INFO,STATUS) values (2,7,'<LET.S> 2호권 : 렛츠 비 비건, 공생공존 비거니즘',to_timestamp('22/08/22 22:08:32.000000000','RR/MM/DD HH24:MI:SSXFF'),to_date('2022-08-20 00:00:00','YYYY-MM-DD HH24:MI:SS'),to_date('2022-09-30 23:59:59','YYYY-MM-DD HH24:MI:SS'),500000,7,'매거진 <LET.S> 2호권 - 렛츠 비 비건, 공생공존 비거니즘 
슬로우 패션에 이어 피플의 영역을 다루는 매거진 렛츠 2호권의 주제는 비거니즘입니다.

이번 2호권은 11개월의 작업기간 동안에 비건을 실천하는 다양한 사람들을 만났어요. 비건의 메시지를 주제로 다루는 예술가, 비건 브랜드와 비건 지향 기업을 만들어낸 기업가, 비건 운동 활동가, 일상 속 비건을 실천하는 우리 곁의 이웃들까지. 지속가능성을 실천하기 위해 변화를 추구해온 사람들, 그 변화를 이루기 위한 방법으로 비거니즘을 택한 사람들. 자신만의 다양한 방식으로 비건을 실천하고 홍보하는 사람들을 만났습니다. 렛츠 비 비건에서는 일과 생활, 
편리함과 불편함 사이에서 선택을 고민하고 자신만의 방법을 구축한 사람들의 이야기를 담은 다양한 콘텐츠를 만나볼 수 있습니다.','9876543210',to_date('2022-10-17 00:00:00','YYYY-MM-DD HH24:MI:SS'),'200_1661173712532_6e51abe6.PNG','C:\dev\semiPrj200\semiPrj00\WebContent\resources\upload','· 실제 인쇄물은 화면과 차이가 있을 수 있습니다. 최대한 아름다운 잡지를 만들도록 노력하겠습니다.
· 인좨/제작 공정에서의 변수로 일정에 소폭 지연이 생길 수 있습니다. 일정이 지연되는 경우 신속하게 공지하겠습니다.','신한','오버들','지속가능성에 대한 사유와 사유를 나누는 매거진 렛츠입니다.','I');
Insert into C##SEMI200.PROJECT (PROJECT_NO,CATEGORY_NO,NAME,REGISTER_DATE,START_DATE,END_DATE,GOAL,MAKER_NO,TEXT,ACCOUNT_NO,SHIPPING_DATE,THUMBNAIL_NAME,THUMBNAIL_PATH,ETC,ACCOUNT_BANK,ACCOUNT_NAME,MAKER_INFO,STATUS) values (4,2,'[종이 스툴]언제 어디서든 무한한 영감을 원하는 당신에게',to_timestamp('22/08/22 22:15:35.000000000','RR/MM/DD HH24:MI:SSXFF'),to_date('2022-09-01 00:00:00','YYYY-MM-DD HH24:MI:SS'),to_date('2022-10-31 23:59:59','YYYY-MM-DD HH24:MI:SS'),500000,8,'종이의 재발견!
박스 회사에서 PM으로 근무하며, 소비자로서는 알지 못했던 다양한 골판지와 종이를 접할 수 있었습니다. 1톤이 넘는 중화물을 이동하는 받침 용도로도 사용되는 종이라면, 충분히 견고하고 사용 후에는 재활용될 수 있는 점에서 가구의 기존 수명이 짧은 가구의 대체 소재로 충분했습니다. ','3698521470',to_date('2022-11-14 00:00:00','YYYY-MM-DD HH24:MI:SS'),'200_1661174134992_759a2835.PNG','C:\dev\semiPrj200\semiPrj00\WebContent\resources\upload','원지 수급의 문제 발생으로 인해 생산이 지연될 수 있습니다.
제조 공정사의 문제 발생으로 인해 생산이 지연될 수 있습니다.
문제 발생 시 즉시 소통하며 상황을 공유하도록 하겠습니다.','카카오','윤웅','페이퍼팝은 2013년부터 일상의 물건을 종이로 만들고 있습니다.','R');
Insert into C##SEMI200.PROJECT (PROJECT_NO,CATEGORY_NO,NAME,REGISTER_DATE,START_DATE,END_DATE,GOAL,MAKER_NO,TEXT,ACCOUNT_NO,SHIPPING_DATE,THUMBNAIL_NAME,THUMBNAIL_PATH,ETC,ACCOUNT_BANK,ACCOUNT_NAME,MAKER_INFO,STATUS) values (8,5,'유써니*산책가방 반려동물과 가볍고 쾌적하게 산책해요!',to_timestamp('22/08/23 00:29:47.000000000','RR/MM/DD HH24:MI:SSXFF'),to_date('2022-09-20 00:00:00','YYYY-MM-DD HH24:MI:SS'),to_date('2022-11-20 23:59:59','YYYY-MM-DD HH24:MI:SS'),200000,9,'크로스로 메고 산책이나 라이딩 등 가벼운 야외 활동할 때 사용해 보세요. 잠시 쉴 때 벤치나 바닥에 깔고 앉을 수 있는 원단이 부착된 산책가방이에요.
깔개원단은 유써니*커버를 만들고 애매하게 남은 원단을 활용했답니다.
유써니*제품은 쓰레기가 하나도 나오지 않아요.
유써니*제품은 환경을 위해 대량생산을 하지 않으려고 합니다.','3482156624',to_date('2022-12-12 00:00:00','YYYY-MM-DD HH24:MI:SS'),'200_1661182187429_3e1d6406.PNG','C:\dev\semiPrj200\semiPrj00\WebContent\resources\upload','제품 하나씩 수작업으로 생산되는 시스템으로 제작 물량이 많을 시 지연되는 상황이 발생할 수 있음을 미리 양해 부탁드립니다.','신한','설성한','유써니*는 영화의상 디자이너로 활동해온 창작자가 전개하는 지속가능한 디자인의 의생활 브랜드입니다.','R');
Insert into C##SEMI200.PROJECT (PROJECT_NO,CATEGORY_NO,NAME,REGISTER_DATE,START_DATE,END_DATE,GOAL,MAKER_NO,TEXT,ACCOUNT_NO,SHIPPING_DATE,THUMBNAIL_NAME,THUMBNAIL_PATH,ETC,ACCOUNT_BANK,ACCOUNT_NAME,MAKER_INFO,STATUS) values (9,12,'쉽고 편하고 감각적인, 식물 한잔의 여유 [위팟 식물키트]',to_timestamp('22/08/23 00:34:21.000000000','RR/MM/DD HH24:MI:SSXFF'),to_date('2022-08-23 00:00:00','YYYY-MM-DD HH24:MI:SS'),to_date('2022-09-06 23:59:59','YYYY-MM-DD HH24:MI:SS'),500000,10,'소중한 이에게 선물하는 마음으로
이만큼 세심하게 신경썼어요
[위팟의 식물키트]는 후원자분과 식물과의 첫 만남이 최대한 만족스러울 수 있도록, 준비 과정에 대한 번거로움을 줄이고 편의성을 높이기 위해 수많은 테스트와 고민을 거쳐 디자인 되었습니다.
','73002698412',to_date('2022-09-14 00:00:00','YYYY-MM-DD HH24:MI:SS'),'200_1661182461514_eca62d43.PNG','C:\dev\semiPrj200\semiPrj00\WebContent\resources\upload','부득이하게 소개해드린 식물 수급이 어려울 경우, 배송이 지연되거나 가장 유사한 품종으로 바뀔 수 있는 점을 참고해주세요.','카카오','봉재범','매일 식물이 채워주는 싱그러운 생기. 함께 볕을 쬐고, 물을 줄 때의 작은 여유로움.','R');
Insert into C##SEMI200.PROJECT (PROJECT_NO,CATEGORY_NO,NAME,REGISTER_DATE,START_DATE,END_DATE,GOAL,MAKER_NO,TEXT,ACCOUNT_NO,SHIPPING_DATE,THUMBNAIL_NAME,THUMBNAIL_PATH,ETC,ACCOUNT_BANK,ACCOUNT_NAME,MAKER_INFO,STATUS) values (10,6,'엉킴이 적어 반려견과 함께 쓰기 좋은 <친환경 유니밴드>',to_timestamp('22/08/23 00:56:17.000000000','RR/MM/DD HH24:MI:SSXFF'),to_date('2022-10-03 00:00:00','YYYY-MM-DD HH24:MI:SS'),to_date('2022-10-10 23:59:59','YYYY-MM-DD HH24:MI:SS'),300000,11,'제품 디자이너 2명이 만나 코팅이나 마감처리가 되지 않은 종이를 사용한 고무줄 패키지를 고민하였습니다.
유니밴드를 대표하는 쪼꼬미 듀오가 그려진 귀여운 패키지는 한 손에 쏙 들어가는 크기로 휴대가 간편하며, 사용할수록 점점 더 부드러워지는 종이의 질감이 기분 좋게 합니다. 손목밴드는 오코텍스와 KC 마크에서 친환경 인증을 받은 제품으로, 손목에 온종일 착용하여도 안전합니다','542109466152',to_date('2022-10-24 00:00:00','YYYY-MM-DD HH24:MI:SS'),'200_1661183777290_45dd5006.PNG','C:\dev\semiPrj200\semiPrj00\WebContent\resources\upload',null,'국민','노여진','친환경 헤어 밴드를 만드는 우리는 유니밴드입니다.','R');
Insert into C##SEMI200.PROJECT (PROJECT_NO,CATEGORY_NO,NAME,REGISTER_DATE,START_DATE,END_DATE,GOAL,MAKER_NO,TEXT,ACCOUNT_NO,SHIPPING_DATE,THUMBNAIL_NAME,THUMBNAIL_PATH,ETC,ACCOUNT_BANK,ACCOUNT_NAME,MAKER_INFO,STATUS) values (12,1,'쿠키를 통으로 갈아넣은, 초코&민트초코 비건 아이스크림',to_timestamp('22/08/23 01:04:06.000000000','RR/MM/DD HH24:MI:SSXFF'),to_date('2022-09-12 00:00:00','YYYY-MM-DD HH24:MI:SS'),to_date('2022-09-26 23:59:59','YYYY-MM-DD HH24:MI:SS'),500000,12,'비긴스크림은 이미 검증된 브랜드예요. 지난 10월, 처음으로 3가지 맛(초코/딸기/녹차)의 비건 아이스크림을 선보였어요. 지금까지 쌓인 후기 평점은 4.8점!?  많은 분들의 애정어린 피드백을 바탕으로 더 부드러워지고, 본격적으로 맛있어진 비긴스크림이 새로운 맛을 출시했어요!
쿠키크런치가 듬-뿍 있기 때문에 더 달콤하고 더 특별해요. 초코볼, 초코칩까지 가득 박혀 있어서 한 스푼만 먹어도 바삭바삭한 식감에 입이 즐거워져요.','100264733698',to_date('2022-10-13 00:00:00','YYYY-MM-DD HH24:MI:SS'),'200_1661184246480_73d552be.PNG','C:\dev\semiPrj200\semiPrj00\WebContent\resources\upload',null,'신한','윤이경','비건 아이스크림 브랜드 <비긴스크림>을 런칭한 Team Begin''s입니다. 샘, 루돌프, 헬레나 3명이 모여 이랜드이츠의 사내벤처로 맛있는 비건 아이스크림을 만들고 있습니다.','R');
Insert into C##SEMI200.PROJECT (PROJECT_NO,CATEGORY_NO,NAME,REGISTER_DATE,START_DATE,END_DATE,GOAL,MAKER_NO,TEXT,ACCOUNT_NO,SHIPPING_DATE,THUMBNAIL_NAME,THUMBNAIL_PATH,ETC,ACCOUNT_BANK,ACCOUNT_NAME,MAKER_INFO,STATUS) values (13,10,'민감성 피부를 위한 비건 화장품 "무"자극 다크서클 톤업밤',to_timestamp('22/08/23 01:07:59.000000000','RR/MM/DD HH24:MI:SSXFF'),to_date('2022-09-19 00:00:00','YYYY-MM-DD HH24:MI:SS'),to_date('2022-10-10 23:59:59','YYYY-MM-DD HH24:MI:SS'),100000,13,'비윤리적인 동물 실험을 반대하고자
''토끼'' 그림은 
비건 화장품 인증 아이콘으로
사용되기 시작했습니다.
커버용으로 두껍게 올라가는 메이크업 컨실러와는 다른
''톤업''에 충실한 새로운 제품, ''톤업밤''입니다.
원래 피부인 것 같은 자연스러운 톤업과 
얇고 가벼운 화사함을 원한다는 분들께 새로운 세계를 보여드릴
미백 기능성 화장품','666461398022',to_date('2022-10-22 00:00:00','YYYY-MM-DD HH24:MI:SS'),'200_1661184479849_5d285e88.PNG','C:\dev\semiPrj200\semiPrj00\WebContent\resources\upload','리워드 배송이 한 번에 이루어지기에, 인건비가 많이 발생될 수 있으나 선물 전달 과정에는 문제가 없을 것입니다.','국민','안영','"The vegan beauty to blossom yourself"
자신을 꽃 피우는 비건의 아름다움
민감성 피부를 위한 촉촉한 비건 화장품','R');
Insert into C##SEMI200.PROJECT (PROJECT_NO,CATEGORY_NO,NAME,REGISTER_DATE,START_DATE,END_DATE,GOAL,MAKER_NO,TEXT,ACCOUNT_NO,SHIPPING_DATE,THUMBNAIL_NAME,THUMBNAIL_PATH,ETC,ACCOUNT_BANK,ACCOUNT_NAME,MAKER_INFO,STATUS) values (14,9,'안녕 못한 우리의 지구를 위한 환경이벤트 <에코퀘스트> 파티',to_timestamp('22/08/23 01:12:26.000000000','RR/MM/DD HH24:MI:SSXFF'),to_date('2022-09-26 00:00:00','YYYY-MM-DD HH24:MI:SS'),to_date('2022-10-03 23:59:59','YYYY-MM-DD HH24:MI:SS'),100000,14,'에코 퀘스트는 무료 이벤트입니다. 그리고 이 행사에 참여하는 모든 스타트업과 개인, 단체, 스태플들은 모두 자원 봉사로 진행하고 있습니다. 

행사 진행을 위해서 행사에 참여해주시는 분들께 대접할 음식을 만들기 위한 재료비와 행사의 컨셉을 드러나게 해줄 유니폼 렌탈, 행사 프로그램들을 진행하기 위해 필요한 물품을 구매하기 위한 비용, 그리고 행사를 알리기 위한 도구들을 제작하기 위해서는 여러분들의 후원이 필요합니다. 
즐겁고 재미있게 새로운 참여문화를 만들어갈 에코퀘스트 첫 회를 위해 참여해주세요. ','245662878931',to_date('2022-10-11 00:00:00','YYYY-MM-DD HH24:MI:SS'),'200_1661184746185_e4ddc366.PNG','C:\dev\semiPrj200\semiPrj00\WebContent\resources\upload',null,'카카오','표은채','안녕하세요! 에코퀘스트를 기획하고 있는 기획팀 중에 하나인 DE Studio입니다.','R');
Insert into C##SEMI200.PROJECT (PROJECT_NO,CATEGORY_NO,NAME,REGISTER_DATE,START_DATE,END_DATE,GOAL,MAKER_NO,TEXT,ACCOUNT_NO,SHIPPING_DATE,THUMBNAIL_NAME,THUMBNAIL_PATH,ETC,ACCOUNT_BANK,ACCOUNT_NAME,MAKER_INFO,STATUS) values (15,2,'오래도록 곁에 머무를 친환경 패키지 우드 만년달력',to_timestamp('22/08/23 01:17:33.000000000','RR/MM/DD HH24:MI:SSXFF'),to_date('2022-08-23 00:00:00','YYYY-MM-DD HH24:MI:SS'),to_date('2022-09-29 23:59:59','YYYY-MM-DD HH24:MI:SS'),600000,15,'내구성이 좋은 원목만을 엄선해 제품을 만들어냅니다.

원목 등급 상위 Hard wood를 이용해 제작됩니다.

단단함, 고급스러움을 동시에 가진 호두나무(walnut)
진한 결과 높은 내구성을 가진 참나무(oak)
백색에 가까우며 재질이 치밀하고 빽빽한 단풍나무(maple)
통 원목을 사용하여 시간이 지날수록 나무에도 자연스레 광이 올라옵니다.

호두나무를 이용해 프레임, 각대를 제작하였습니다.','02564113269',to_date('2022-10-13 00:00:00','YYYY-MM-DD HH24:MI:SS'),'200_1661185053563_93037153.PNG','C:\dev\semiPrj200\semiPrj00\WebContent\resources\upload','· 원목 특성상 제작하는 제품에 따라 옹이, 결의 색 차이가 있을 수 있습니다.
· 옹이는 살아온 나무의 흔적입니다. 자연 그대로의 상태임을 알려드립니다.','하나','복오성','1umber = warmber
자연의 따뜻한 감성을 전하는 우드브랜드 웜버입니다.','I');
Insert into C##SEMI200.PROJECT (PROJECT_NO,CATEGORY_NO,NAME,REGISTER_DATE,START_DATE,END_DATE,GOAL,MAKER_NO,TEXT,ACCOUNT_NO,SHIPPING_DATE,THUMBNAIL_NAME,THUMBNAIL_PATH,ETC,ACCOUNT_BANK,ACCOUNT_NAME,MAKER_INFO,STATUS) values (16,2,'미세플라스틱FREE! 농장에서 온 진짜 천연수세미',to_timestamp('22/08/23 01:21:17.000000000','RR/MM/DD HH24:MI:SSXFF'),to_date('2022-08-25 00:00:00','YYYY-MM-DD HH24:MI:SS'),to_date('2022-09-27 23:59:59','YYYY-MM-DD HH24:MI:SS'),200000,16,'자연에서 자연으로, zero waste 수세미
천연 수세미는 식기류와 우리 피부 위에 미세 플라스틱 입자를 남기지 않으며, 환경을 오염시키지 않는 100% 자연물입니다.
일부 천연 염색에 사용되는 합성 색 고착제 또는 화학 환원제를 일체 사용하지 않아, 더 안전하고 건강한 수세미입니다.','987542578648',to_date('2022-10-09 00:00:00','YYYY-MM-DD HH24:MI:SS'),'200_1661185277501_ab3eb39c.PNG','C:\dev\semiPrj200\semiPrj00\WebContent\resources\upload',null,'농협','송라온','FROM FARM TO OUR LIFE. 킨디고는 직접 친환경 농사를 지어 한국의 토종 쪽과 여러 작물을 재배하며, 화학 재료 없는 천연 쪽 염색 제품으로 라이프스타일 브랜드 <킨디고 더쪽>을 만들어가고 있습니다.','B');






Insert into C##SEMI200.REWARD (NO,PROJECT_NO,"OPTION",DETAIL,PRICE,QUANTITY) values (26,12,'파인트 초코','파인트 초코 3팩 + 쿠키크런치',24900,600);
Insert into C##SEMI200.REWARD (NO,PROJECT_NO,"OPTION",DETAIL,PRICE,QUANTITY) values (27,12,'파인트 민트','파인트 민트 3팩 + 쿠키크런치',24900,600);
Insert into C##SEMI200.REWARD (NO,PROJECT_NO,"OPTION",DETAIL,PRICE,QUANTITY) values (28,12,'민트와 초코','파인트 초코 3팩 + 민트 3팩 + 쿠키크런치',39900,300);
Insert into C##SEMI200.REWARD (NO,PROJECT_NO,"OPTION",DETAIL,PRICE,QUANTITY) values (29,12,'[얼리버드]','파인트 초코 3팩 + 쿠키크런치',22900,20);
Insert into C##SEMI200.REWARD (NO,PROJECT_NO,"OPTION",DETAIL,PRICE,QUANTITY) values (1,1,'RA:FL A','RA:FL 5종 모두, 휴대용 손세정 비누',54300,50);
Insert into C##SEMI200.REWARD (NO,PROJECT_NO,"OPTION",DETAIL,PRICE,QUANTITY) values (2,1,'RA:FL B','RA:FL 5종 모두, 휴대용 손세정 비누, 무알콜막걸리 1박스',86700,30);
Insert into C##SEMI200.REWARD (NO,PROJECT_NO,"OPTION",DETAIL,PRICE,QUANTITY) values (3,2,'only-Ebook','이북 컨텐츠',10000,60);
Insert into C##SEMI200.REWARD (NO,PROJECT_NO,"OPTION",DETAIL,PRICE,QUANTITY) values (4,2,'매거진 2호권 A','매거진 2호권 단권, 후원자 명단 기재, 기본 스티커팩',23000,30);
Insert into C##SEMI200.REWARD (NO,PROJECT_NO,"OPTION",DETAIL,PRICE,QUANTITY) values (5,2,'매거진 2호권 B','매거진 2호권 단권, 후원자 명단 기재, 책갈피 2종, 비건 맛집 지도, 스페셜 스티커팩',40000,30);
Insert into C##SEMI200.REWARD (NO,PROJECT_NO,"OPTION",DETAIL,PRICE,QUANTITY) values (6,4,'2개만!','종이스툴 2개',18000,50);
Insert into C##SEMI200.REWARD (NO,PROJECT_NO,"OPTION",DETAIL,PRICE,QUANTITY) values (7,4,'5개만!','종이스툴 5개',39000,20);
Insert into C##SEMI200.REWARD (NO,PROJECT_NO,"OPTION",DETAIL,PRICE,QUANTITY) values (8,4,'10개만!','종이스툴 10개',69000,10);
Insert into C##SEMI200.REWARD (NO,PROJECT_NO,"OPTION",DETAIL,PRICE,QUANTITY) values (12,8,'만들기 키트','유써니 산책가방 만들기 키트 : 베이직',45000,50);
Insert into C##SEMI200.REWARD (NO,PROJECT_NO,"OPTION",DETAIL,PRICE,QUANTITY) values (13,8,'산책가방 P','유써니 산책가방 : 펫 겸용',89000,30);
Insert into C##SEMI200.REWARD (NO,PROJECT_NO,"OPTION",DETAIL,PRICE,QUANTITY) values (14,8,'산책가방 B','유써니 산책가방 : 베이직',89000,30);
Insert into C##SEMI200.REWARD (NO,PROJECT_NO,"OPTION",DETAIL,PRICE,QUANTITY) values (15,9,'[얼리버드] S','S 사이즈 키트 식물, 글라스팟 S사이즈, 키트소개서 & 세팅 가이드',27000,10);
Insert into C##SEMI200.REWARD (NO,PROJECT_NO,"OPTION",DETAIL,PRICE,QUANTITY) values (16,9,'투톤 S','S 사이즈 키트 식물, 글라스팟 S사이즈, 키트소개서 & 세팅 가이드',29000,40);
Insert into C##SEMI200.REWARD (NO,PROJECT_NO,"OPTION",DETAIL,PRICE,QUANTITY) values (17,9,'클래식 M','M 사이즈 키트 식물, 글라스팟 M사이즈, 키트소개서 & 세팅 가이드',35000,40);
Insert into C##SEMI200.REWARD (NO,PROJECT_NO,"OPTION",DETAIL,PRICE,QUANTITY) values (18,10,'손목밴드','손목밴드 set',14800,15);
Insert into C##SEMI200.REWARD (NO,PROJECT_NO,"OPTION",DETAIL,PRICE,QUANTITY) values (19,10,'댕댕밴드','댕댕밴드 set',12800,15);
Insert into C##SEMI200.REWARD (NO,PROJECT_NO,"OPTION",DETAIL,PRICE,QUANTITY) values (20,10,'밴드 set','손목밴드 set, 댕댕밴드 set',27600,20);
Insert into C##SEMI200.REWARD (NO,PROJECT_NO,"OPTION",DETAIL,PRICE,QUANTITY) values (21,10,'손목밴드 2','손목밴드 set (x 2)',29600,5);
Insert into C##SEMI200.REWARD (NO,PROJECT_NO,"OPTION",DETAIL,PRICE,QUANTITY) values (30,13,'블랙톤업밤2','마카롱블랙톤업밤 x2',23800,30);
Insert into C##SEMI200.REWARD (NO,PROJECT_NO,"OPTION",DETAIL,PRICE,QUANTITY) values (31,13,'블랙톤업밤5','마카롱블랙톤업밤 x5, 마카롱 푸루립밤 x1',49000,30);
Insert into C##SEMI200.REWARD (NO,PROJECT_NO,"OPTION",DETAIL,PRICE,QUANTITY) values (32,14,'에코A','후원자 명단 기재, 몽세누 와펜세트',9000,15);
Insert into C##SEMI200.REWARD (NO,PROJECT_NO,"OPTION",DETAIL,PRICE,QUANTITY) values (33,14,'에코B','후원자 명단 기재, 레오 작은파우치',13000,30);
Insert into C##SEMI200.REWARD (NO,PROJECT_NO,"OPTION",DETAIL,PRICE,QUANTITY) values (34,14,'에코C','후원자 명단 기재, 레오 큰 파우치, 러블리 페이퍼 캔버스',20000,20);
Insert into C##SEMI200.REWARD (NO,PROJECT_NO,"OPTION",DETAIL,PRICE,QUANTITY) values (35,14,'에코D','후원자 명단 기재, 몽세누 모자',28000,15);
Insert into C##SEMI200.REWARD (NO,PROJECT_NO,"OPTION",DETAIL,PRICE,QUANTITY) values (36,14,'에코E','후원자 명단 기재, 레오 작은파우치, 레오 큰 파우치',32000,50);
Insert into C##SEMI200.REWARD (NO,PROJECT_NO,"OPTION",DETAIL,PRICE,QUANTITY) values (37,15,'[얼리버드]','우드 만년달력 (본체) - 단풍나무 ( x 2 )
우드 만년달력 (본체) - 참나무 ( x 2 )
우드 만년달력 (프레임) - 호두나무 ( x 4 )',188000,10);
Insert into C##SEMI200.REWARD (NO,PROJECT_NO,"OPTION",DETAIL,PRICE,QUANTITY) values (38,15,'단풍나무set','우드 만년달력 (본체) - 단풍나무 ( x 1 )
우드 만년달력 (프레임) - 호두나무 ( x 1 )',61200,50);
Insert into C##SEMI200.REWARD (NO,PROJECT_NO,"OPTION",DETAIL,PRICE,QUANTITY) values (39,15,'단풍나무set','우드 만년달력 (본체) - 단풍나무 ( x 2 )
우드 만년달력 (프레임) - 호두나무 ( x 2 )',108800,10);
Insert into C##SEMI200.REWARD (NO,PROJECT_NO,"OPTION",DETAIL,PRICE,QUANTITY) values (40,15,'참나무set','우드 만년달력 (본체) - 참나무 ( x 2 )
우드 만년달력 (프레임) - 호두나무 ( x 2 )',108800,10);
Insert into C##SEMI200.REWARD (NO,PROJECT_NO,"OPTION",DETAIL,PRICE,QUANTITY) values (41,16,'패밀리 set ','수세미 세트 x1
소형수세미 2매',45000,35);
Insert into C##SEMI200.REWARD (NO,PROJECT_NO,"OPTION",DETAIL,PRICE,QUANTITY) values (42,16,'수세미 set','천연염색 수세미 3매',10000,40);
Insert into C##SEMI200.REWARD (NO,PROJECT_NO,"OPTION",DETAIL,PRICE,QUANTITY) values (43,16,'통 수세미 ','수세미 중형 2매',16000,20);
Insert into C##SEMI200.REWARD (NO,PROJECT_NO,"OPTION",DETAIL,PRICE,QUANTITY) values (44,16,'통 수세미','수세미 중형 3매',24000,20);






Insert into C##SEMI200.DESCRIPTION_FILE (NO,PROJECT_NO,FILE_SRC,ORIGIN_NAME,CHANGE_NAME,UPLOAD_DATE) values (31,12,'C:\dev\semiPrj200\semiPrj00\WebContent\resources\upload','아이스1.PNG','200_1661184246487_29c732b2.PNG',to_timestamp('22/08/23 01:04:06.000000000','RR/MM/DD HH24:MI:SSXFF'));
Insert into C##SEMI200.DESCRIPTION_FILE (NO,PROJECT_NO,FILE_SRC,ORIGIN_NAME,CHANGE_NAME,UPLOAD_DATE) values (32,12,'C:\dev\semiPrj200\semiPrj00\WebContent\resources\upload','아이스2.PNG','200_1661184246494_74550535.PNG',to_timestamp('22/08/23 01:04:06.000000000','RR/MM/DD HH24:MI:SSXFF'));
Insert into C##SEMI200.DESCRIPTION_FILE (NO,PROJECT_NO,FILE_SRC,ORIGIN_NAME,CHANGE_NAME,UPLOAD_DATE) values (33,12,'C:\dev\semiPrj200\semiPrj00\WebContent\resources\upload','아이스3.PNG','200_1661184246498_9868d045.PNG',to_timestamp('22/08/23 01:04:06.000000000','RR/MM/DD HH24:MI:SSXFF'));
Insert into C##SEMI200.DESCRIPTION_FILE (NO,PROJECT_NO,FILE_SRC,ORIGIN_NAME,CHANGE_NAME,UPLOAD_DATE) values (1,1,'C:\dev\semiPrj200\semiPrj00\WebContent\resources\upload','비누1.PNG','200_1661173482906_9407f8af.PNG',to_timestamp('22/08/22 22:04:43.000000000','RR/MM/DD HH24:MI:SSXFF'));
Insert into C##SEMI200.DESCRIPTION_FILE (NO,PROJECT_NO,FILE_SRC,ORIGIN_NAME,CHANGE_NAME,UPLOAD_DATE) values (2,1,'C:\dev\semiPrj200\semiPrj00\WebContent\resources\upload','비누2.PNG','200_1661173482913_eedc04fa.PNG',to_timestamp('22/08/22 22:04:43.000000000','RR/MM/DD HH24:MI:SSXFF'));
Insert into C##SEMI200.DESCRIPTION_FILE (NO,PROJECT_NO,FILE_SRC,ORIGIN_NAME,CHANGE_NAME,UPLOAD_DATE) values (3,1,'C:\dev\semiPrj200\semiPrj00\WebContent\resources\upload','비누3.PNG','200_1661173482918_fd655a34.PNG',to_timestamp('22/08/22 22:04:43.000000000','RR/MM/DD HH24:MI:SSXFF'));
Insert into C##SEMI200.DESCRIPTION_FILE (NO,PROJECT_NO,FILE_SRC,ORIGIN_NAME,CHANGE_NAME,UPLOAD_DATE) values (4,2,'C:\dev\semiPrj200\semiPrj00\WebContent\resources\upload','비건잡지1.PNG','200_1661173712539_d08949aa.PNG',to_timestamp('22/08/22 22:08:32.000000000','RR/MM/DD HH24:MI:SSXFF'));
Insert into C##SEMI200.DESCRIPTION_FILE (NO,PROJECT_NO,FILE_SRC,ORIGIN_NAME,CHANGE_NAME,UPLOAD_DATE) values (5,2,'C:\dev\semiPrj200\semiPrj00\WebContent\resources\upload','비건잡지2.PNG','200_1661173712545_c1b15b82.PNG',to_timestamp('22/08/22 22:08:32.000000000','RR/MM/DD HH24:MI:SSXFF'));
Insert into C##SEMI200.DESCRIPTION_FILE (NO,PROJECT_NO,FILE_SRC,ORIGIN_NAME,CHANGE_NAME,UPLOAD_DATE) values (6,2,'C:\dev\semiPrj200\semiPrj00\WebContent\resources\upload','비건잡지3.PNG','200_1661173712550_daacec8d.PNG',to_timestamp('22/08/22 22:08:32.000000000','RR/MM/DD HH24:MI:SSXFF'));
Insert into C##SEMI200.DESCRIPTION_FILE (NO,PROJECT_NO,FILE_SRC,ORIGIN_NAME,CHANGE_NAME,UPLOAD_DATE) values (7,4,'C:\dev\semiPrj200\semiPrj00\WebContent\resources\upload','종이스툴1.PNG','200_1661174134998_e9005fff.PNG',to_timestamp('22/08/22 22:15:35.000000000','RR/MM/DD HH24:MI:SSXFF'));
Insert into C##SEMI200.DESCRIPTION_FILE (NO,PROJECT_NO,FILE_SRC,ORIGIN_NAME,CHANGE_NAME,UPLOAD_DATE) values (8,4,'C:\dev\semiPrj200\semiPrj00\WebContent\resources\upload','종이스툴2.PNG','200_1661174135004_eceb83c3.PNG',to_timestamp('22/08/22 22:15:35.000000000','RR/MM/DD HH24:MI:SSXFF'));
Insert into C##SEMI200.DESCRIPTION_FILE (NO,PROJECT_NO,FILE_SRC,ORIGIN_NAME,CHANGE_NAME,UPLOAD_DATE) values (9,4,'C:\dev\semiPrj200\semiPrj00\WebContent\resources\upload','종이스툴3.PNG','200_1661174135009_f3d8c5d1.PNG',to_timestamp('22/08/22 22:15:35.000000000','RR/MM/DD HH24:MI:SSXFF'));
Insert into C##SEMI200.DESCRIPTION_FILE (NO,PROJECT_NO,FILE_SRC,ORIGIN_NAME,CHANGE_NAME,UPLOAD_DATE) values (23,9,'C:\dev\semiPrj200\semiPrj00\WebContent\resources\upload','위팟2.PNG','200_1661182461527_17bb35ea.PNG',to_timestamp('22/08/23 00:34:21.000000000','RR/MM/DD HH24:MI:SSXFF'));
Insert into C##SEMI200.DESCRIPTION_FILE (NO,PROJECT_NO,FILE_SRC,ORIGIN_NAME,CHANGE_NAME,UPLOAD_DATE) values (24,9,'C:\dev\semiPrj200\semiPrj00\WebContent\resources\upload','위팟3.PNG','200_1661182461533_1ada79db.PNG',to_timestamp('22/08/23 00:34:21.000000000','RR/MM/DD HH24:MI:SSXFF'));
Insert into C##SEMI200.DESCRIPTION_FILE (NO,PROJECT_NO,FILE_SRC,ORIGIN_NAME,CHANGE_NAME,UPLOAD_DATE) values (25,10,'C:\dev\semiPrj200\semiPrj00\WebContent\resources\upload','밴드1.PNG','200_1661183777298_a59b37e6.PNG',to_timestamp('22/08/23 00:56:17.000000000','RR/MM/DD HH24:MI:SSXFF'));
Insert into C##SEMI200.DESCRIPTION_FILE (NO,PROJECT_NO,FILE_SRC,ORIGIN_NAME,CHANGE_NAME,UPLOAD_DATE) values (26,10,'C:\dev\semiPrj200\semiPrj00\WebContent\resources\upload','밴드2.PNG','200_1661183777303_4e092f09.PNG',to_timestamp('22/08/23 00:56:17.000000000','RR/MM/DD HH24:MI:SSXFF'));
Insert into C##SEMI200.DESCRIPTION_FILE (NO,PROJECT_NO,FILE_SRC,ORIGIN_NAME,CHANGE_NAME,UPLOAD_DATE) values (27,10,'C:\dev\semiPrj200\semiPrj00\WebContent\resources\upload','밴드3.PNG','200_1661183777307_c3391b4c.PNG',to_timestamp('22/08/23 00:56:17.000000000','RR/MM/DD HH24:MI:SSXFF'));
Insert into C##SEMI200.DESCRIPTION_FILE (NO,PROJECT_NO,FILE_SRC,ORIGIN_NAME,CHANGE_NAME,UPLOAD_DATE) values (34,13,'C:\dev\semiPrj200\semiPrj00\WebContent\resources\upload','톤업밤1.PNG','200_1661184479856_15a0b05b.PNG',to_timestamp('22/08/23 01:07:59.000000000','RR/MM/DD HH24:MI:SSXFF'));
Insert into C##SEMI200.DESCRIPTION_FILE (NO,PROJECT_NO,FILE_SRC,ORIGIN_NAME,CHANGE_NAME,UPLOAD_DATE) values (19,8,'C:\dev\semiPrj200\semiPrj00\WebContent\resources\upload','가방1.PNG','200_1661182187437_8a018233.PNG',to_timestamp('22/08/23 00:29:47.000000000','RR/MM/DD HH24:MI:SSXFF'));
Insert into C##SEMI200.DESCRIPTION_FILE (NO,PROJECT_NO,FILE_SRC,ORIGIN_NAME,CHANGE_NAME,UPLOAD_DATE) values (20,8,'C:\dev\semiPrj200\semiPrj00\WebContent\resources\upload','가방2.PNG','200_1661182187443_a107ba30.PNG',to_timestamp('22/08/23 00:29:47.000000000','RR/MM/DD HH24:MI:SSXFF'));
Insert into C##SEMI200.DESCRIPTION_FILE (NO,PROJECT_NO,FILE_SRC,ORIGIN_NAME,CHANGE_NAME,UPLOAD_DATE) values (21,8,'C:\dev\semiPrj200\semiPrj00\WebContent\resources\upload','가방3.PNG','200_1661182187450_f3507525.PNG',to_timestamp('22/08/23 00:29:47.000000000','RR/MM/DD HH24:MI:SSXFF'));
Insert into C##SEMI200.DESCRIPTION_FILE (NO,PROJECT_NO,FILE_SRC,ORIGIN_NAME,CHANGE_NAME,UPLOAD_DATE) values (22,9,'C:\dev\semiPrj200\semiPrj00\WebContent\resources\upload','위팟1.PNG','200_1661182461521_59b0090e.PNG',to_timestamp('22/08/23 00:34:21.000000000','RR/MM/DD HH24:MI:SSXFF'));
Insert into C##SEMI200.DESCRIPTION_FILE (NO,PROJECT_NO,FILE_SRC,ORIGIN_NAME,CHANGE_NAME,UPLOAD_DATE) values (35,13,'C:\dev\semiPrj200\semiPrj00\WebContent\resources\upload','톤업밤2.PNG','200_1661184479860_733f052f.PNG',to_timestamp('22/08/23 01:07:59.000000000','RR/MM/DD HH24:MI:SSXFF'));
Insert into C##SEMI200.DESCRIPTION_FILE (NO,PROJECT_NO,FILE_SRC,ORIGIN_NAME,CHANGE_NAME,UPLOAD_DATE) values (36,13,'C:\dev\semiPrj200\semiPrj00\WebContent\resources\upload','톤업밤3.PNG','200_1661184479867_0356cdb4.PNG',to_timestamp('22/08/23 01:07:59.000000000','RR/MM/DD HH24:MI:SSXFF'));
Insert into C##SEMI200.DESCRIPTION_FILE (NO,PROJECT_NO,FILE_SRC,ORIGIN_NAME,CHANGE_NAME,UPLOAD_DATE) values (37,14,'C:\dev\semiPrj200\semiPrj00\WebContent\resources\upload','에코1.PNG','200_1661184746191_5fc0ac91.PNG',to_timestamp('22/08/23 01:12:26.000000000','RR/MM/DD HH24:MI:SSXFF'));
Insert into C##SEMI200.DESCRIPTION_FILE (NO,PROJECT_NO,FILE_SRC,ORIGIN_NAME,CHANGE_NAME,UPLOAD_DATE) values (38,14,'C:\dev\semiPrj200\semiPrj00\WebContent\resources\upload','에코2.PNG','200_1661184746196_297ae17a.PNG',to_timestamp('22/08/23 01:12:26.000000000','RR/MM/DD HH24:MI:SSXFF'));
Insert into C##SEMI200.DESCRIPTION_FILE (NO,PROJECT_NO,FILE_SRC,ORIGIN_NAME,CHANGE_NAME,UPLOAD_DATE) values (39,15,'C:\dev\semiPrj200\semiPrj00\WebContent\resources\upload','달력1.PNG','200_1661185053569_8bb8bc7d.PNG',to_timestamp('22/08/23 01:17:33.000000000','RR/MM/DD HH24:MI:SSXFF'));
Insert into C##SEMI200.DESCRIPTION_FILE (NO,PROJECT_NO,FILE_SRC,ORIGIN_NAME,CHANGE_NAME,UPLOAD_DATE) values (40,15,'C:\dev\semiPrj200\semiPrj00\WebContent\resources\upload','달력2.PNG','200_1661185053573_5111dbc5.PNG',to_timestamp('22/08/23 01:17:33.000000000','RR/MM/DD HH24:MI:SSXFF'));
Insert into C##SEMI200.DESCRIPTION_FILE (NO,PROJECT_NO,FILE_SRC,ORIGIN_NAME,CHANGE_NAME,UPLOAD_DATE) values (41,15,'C:\dev\semiPrj200\semiPrj00\WebContent\resources\upload','달력3.PNG','200_1661185053578_d92eba29.PNG',to_timestamp('22/08/23 01:17:33.000000000','RR/MM/DD HH24:MI:SSXFF'));
Insert into C##SEMI200.DESCRIPTION_FILE (NO,PROJECT_NO,FILE_SRC,ORIGIN_NAME,CHANGE_NAME,UPLOAD_DATE) values (42,16,'C:\dev\semiPrj200\semiPrj00\WebContent\resources\upload','수세미1.PNG','200_1661185277507_97ae8e7a.PNG',to_timestamp('22/08/23 01:21:17.000000000','RR/MM/DD HH24:MI:SSXFF'));
Insert into C##SEMI200.DESCRIPTION_FILE (NO,PROJECT_NO,FILE_SRC,ORIGIN_NAME,CHANGE_NAME,UPLOAD_DATE) values (43,16,'C:\dev\semiPrj200\semiPrj00\WebContent\resources\upload','수세미2.PNG','200_1661185277513_ad3315c1.PNG',to_timestamp('22/08/23 01:21:17.000000000','RR/MM/DD HH24:MI:SSXFF'));
Insert into C##SEMI200.DESCRIPTION_FILE (NO,PROJECT_NO,FILE_SRC,ORIGIN_NAME,CHANGE_NAME,UPLOAD_DATE) values (44,16,'C:\dev\semiPrj200\semiPrj00\WebContent\resources\upload','수세미3.PNG','200_1661185277518_3fb05ec8.PNG',to_timestamp('22/08/23 01:21:17.000000000','RR/MM/DD HH24:MI:SSXFF'));




COMMIT;